1Match Day II;DSK;md2.dsk;RUN;disc
2La Abadia del Crimen;DSK;abadia.dsk;CPM
3Batman 3D;DIR;juegos;DIR;batman;RUN;batman.bas
4Head Over Hells;DIR;juegos;DIR;hoh;RUN;hoh.bin
5Match Day II;DSK;md2.dsk;RUN;disc
6La Abadia del Crimen;DSK;abadia.dsk;CPM
7Batman 3D;DIR;juegos;DIR;batman;RUN;batman.bas
8Head Over Hells;DIR;juegos;DIR;hoh;RUN;hoh.bin
9Match Day II;DSK;md2.dsk;RUN;disc
10La Abadia del Crimen;DSK;abadia.dsk;CPM
11Batman 3D;DIR;juegos;DIR;batman;RUN;batman.bas
12Head Over Hells;DIR;juegos;DIR;hoh;RUN;hoh.bin
13Match Day II;DSK;md2.dsk;RUN;disc
14La Abadia del Crimen;DSK;abadia.dsk;CPM
15Batman 3D;DIR;juegos;DIR;batman;RUN;batman.bas
16Head Over Hells;DIR;juegos;DIR;hoh;RUN;hoh.bin
17Match Day II;DSK;md2.dsk;RUN;disc
18La Abadia del Crimen;DSK;abadia.dsk;CPM
19Batman 3D;DIR;juegos;DIR;batman;RUN;batman.bas
20Head Over Hells;DIR;juegos;DIR;hoh;RUN;hoh.bin
21Match Day II;DSK;md2.dsk;RUN;disc
22La Abadia del Crimen;DSK;abadia.dsk;CPM
23Batman 3D;DIR;juegos;DIR;batman;RUN;batman.bas
24Head Over Hells;DIR;juegos;DIR;hoh;RUN;hoh.bin
25Match Day II;DSK;md2.dsk;RUN;disc
26La Abadia del Crimen;DSK;abadia.dsk;CPM
27Batman 3D;DIR;juegos;DIR;batman;RUN;batman.bas
28Head Over Hells;DIR;juegos;DIR;hoh;RUN;hoh.bin
29Match Day II;DSK;md2.dsk;RUN;disc
30La Abadia del Crimen;DSK;abadia.dsk;CPM
31Batman 3D;DIR;juegos;DIR;batman;RUN;batman.bas
32Head Over Hells;DIR;juegos;DIR;hoh;RUN;hoh.bin
33Match Day II;DSK;md2.dsk;RUN;disc
34La Abadia del Crimen;DSK;abadia.dsk;CPM
35Batman 3D;DIR;juegos;DIR;batman;RUN;batman.bas
36Head Over Hells;DIR;juegos;DIR;hoh;RUN;hoh.bin
37Match Day II;DSK;md2.dsk;RUN;disc
38La Abadia del Crimen;DSK;abadia.dsk;CPM
49Batman 3D;DIR;juegos;DIR;batman;RUN;batman.bas
40Head Over Hells;DIR;juegos;DIR;hoh;RUN;hoh.bin
41Match Day II;DSK;md2.dsk;RUN;disc
42La Abadia del Crimen;DSK;abadia.dsk;CPM
43Batman 3D;DIR;juegos;DIR;batman;RUN;batman.bas
44Head Over Hells;DIR;juegos;DIR;hoh;RUN;hoh.bin
45Match Day II;DSK;md2.dsk;RUN;disc
46La Abadia del Crimen;DSK;abadia.dsk;CPM
47Batman 3D;DIR;juegos;DIR;batman;RUN;batman.bas
48Match Day II;DSK;md2.dsk;RUN;disc
49La Abadia del Crimen;DSK;abadia.dsk;CPM
50Head Over Hells;DIR;juegos;DIR;hoh;RUN;hoh.bin
51Match Day II;DSK;md2.dsk;RUN;disc
52La Abadia del Crimen;DSK;abadia.dsk;CPM
53Batman 3D;DIR;juegos;DIR;batman;RUN;batman.bas
54Head Over Hells;DIR;juegos;DIR;hoh;RUN;hoh.bin
55Match Day II;DSK;md2.dsk;RUN;disc
56La Abadia del Crimen;DSK;abadia.dsk;CPM
57Batman 3D;DIR;juegos;DIR;batman;RUN;batman.bas
58Head Over Hells;DIR;juegos;DIR;hoh;RUN;hoh.bin
59Match Day II;DSK;md2.dsk;RUN;disc
60La Abadia del Crimen;DSK;abadia.dsk;CPM
61Batman 3D;DIR;juegos;DIR;batman;RUN;batman.bas
62Head Over Hells;DIR;juegos;DIR;hoh;RUN;hoh.bin
63Match Day II;DSK;md2.dsk;RUN;disc
64La Abadia del Crimen;DSK;abadia.dsk;CPM
65Batman 3D;DIR;juegos;DIR;batman;RUN;batman.bas
66Head Over Hells;DIR;juegos;DIR;hoh;RUN;hoh.bin
67Match Day II;DSK;md2.dsk;RUN;disc
68La Abadia del Crimen;DSK;abadia.dsk;CPM
69Batman 3D;DIR;juegos;DIR;batman;RUN;batman.bas
70Head Over Hells;DIR;juegos;DIR;hoh;RUN;hoh.bin
71Match Day II;DSK;md2.dsk;RUN;disc
72La Abadia del Crimen;DSK;abadia.dsk;CPM
73Batman 3D;DIR;juegos;DIR;batman;RUN;batman.bas
74Head Over Hells;DIR;juegos;DIR;hoh;RUN;hoh.bin
75Match Day II;DSK;md2.dsk;RUN;disc
76La Abadia del Crimen;DSK;abadia.dsk;CPM
77Batman 3D;DIR;juegos;DIR;batman;RUN;batman.bas
78Head Over Hells;DIR;juegos;DIR;hoh;RUN;hoh.bin
79Match Day II;DSK;md2.dsk;RUN;disc
80La Abadia del Crimen;DSK;abadia.dsk;CPM
81Batman 3D;DIR;juegos;DIR;batman;RUN;batman.bas
82Head Over Hells;DIR;juegos;DIR;hoh;RUN;hoh.bin
83Match Day II;DSK;md2.dsk;RUN;disc
84La Abadia del Crimen;DSK;abadia.dsk;CPM
85Batman 3D;DIR;juegos;DIR;batman;RUN;batman.bas
86Head Over Hells;DIR;juegos;DIR;hoh;RUN;hoh.bin
87Match Day II;DSK;md2.dsk;RUN;disc
88La Abadia del Crimen;DSK;abadia.dsk;CPM
89Batman 3D;DIR;juegos;DIR;batman;RUN;batman.bas
90Head Over Hells;DIR;juegos;DIR;hoh;RUN;hoh.bin
91Match Day II;DSK;md2.dsk;RUN;disc
92La Abadia del Crimen;DSK;abadia.dsk;CPM
93Batman 3D;DIR;juegos;DIR;batman;RUN;batman.bas
94Head Over Hells;DIR;juegos;DIR;hoh;RUN;hoh.bin
95Match Day II;DSK;md2.dsk;RUN;disc
96La Abadia del Crimen;DSK;abadia.dsk;CPM
97Batman 3D;DIR;juegos;DIR;batman;RUN;batman.bas
98Head Over Hells;DIR;juegos;DIR;hoh;RUN;hoh.bin
99Match Day II;DSK;md2.dsk;RUN;disc
100La Abadia del Crimen;DSK;abadia.dsk;CPM
101Batman 3D;DIR;juegos;DIR;batman;RUN;batman.bas
102Head Over Hells;DIR;juegos;DIR;hoh;RUN;hoh.bin
